time,id,os,antivirus,cpu,memory,age
0000001,1,Win95,none,10,10,1
0000001,2,Win95,none,15,8,1
0000001,3,Win95,avg,15,5,1
0000001,4,Win98,none,5,14,1
0000001,5,Win98,none,11,18,1
0000001,6,Win95,avg,15,5,1
0000002,1,Win95,none,14,10,2
0000002,2,Win95,none,16,2,2
0000002,3,Win95,avg,12,23,2
0000002,4,Win98,none,9,12,2
0000002,5,Win98,none,21,34,2
0000002,6,Win98,avg,13,5,2
0000003,1,Win95,none,12,10,3
0000003,2,Win95,none,15,8,3
0000003,3,Win95,avg,12,5,3
0000003,4,Win98,none,12,24,3
0000003,5,Win98,none,11,32,3
0000003,6,Win98,avg,15,25,3

